Artefact3,Adamraydaniels
Artefact3,BedlamBones
Caterpill,BedlamBones
Artefact3,footsawtees
Caterpill,footsawtees
artecco,footsawtees
footsawtees,Jemae
footsawtees,nicepunk
footsawtees,Alundrart
footsawtees,ANGRYMERL
footsawtees,JonzShop
footsawtees,Artefact3
footsawtees,neni_art__
gamerzink357,gulayfather
Artefact3,gulayfather
Caterpill,gulayfather
Artefact3,venozoic
Caterpill,venozoic
HOLOM,VirtualSG
Artefact3,VirtualSG
Caterpill,VirtualSG
mani1991,beramsey
markyartshop,beramsey
mckirbzx,beramsey
Hunniebee00,beramsey
Artefact3,beramsey
Caterpill,beramsey
beramsey,mckirbzx
beramsey,gamerzink357
beramsey,JonzShop
beramsey,Artefact3
beramsey,mani1991
beramsey,markyartshop
beramsey,TheSimpleStore
bellaballestas,TheCurioTable
Artefact3,TheCurioTable
TheFactorie,TheCurioTable
G_Ghanss,TheCurioTable
artjenesis,TheCurioTable
Caterpill,TheCurioTable
paldipaldi,TheCurioTable
Moddictive,Sareda_arts
Artefact3,Sareda_arts
Caterpill,Sareda_arts
Sareda_arts,kooky love
Artefact3,alfonsoochoa
Caterpill,alfonsoochoa
alfonsoochoa,Crowing_Dawn
Artefact3,Blueskull
Caterpill,Blueskull
Blueskull,ppmid
Blueskull,Artefact3
TheFactorie,ProfessorPie212
Artefact3,ProfessorPie212
artjenesis,ProfessorPie212
Caterpill,ProfessorPie212
karakenio,Gil Sansón
Artefact3,Gil Sansón
TheFactorie,Gil Sansón
Caterpill,Gil Sansón
Gil Sansón,karakenio
PammyB,Surrealmist
Artefact3,Surrealmist
Caterpill,Surrealmist
Crowing_Dawn,strangebirdart
Artefact3,strangebirdart
Caterpill,strangebirdart
bellaballestas,strangebirdart
strangebirdart,Artefact3
strangebirdart,Crowing_Dawn
Artefact3,JeffreyMonter
Caterpill,JeffreyMonter
Liodoesthings,andrealeonelli
karakenio,andrealeonelli
Artefact3,andrealeonelli
Caterpill,andrealeonelli
andrealeonelli,tobefonseca
andrealeonelli,karakenio
andrealeonelli,ppmid
andrealeonelli,DRO72
andrealeonelli,torrescesar
andrealeonelli,Die_at13
andrealeonelli,Liodoesthings
andrealeonelli,Artefact3
Artefact3,nicepunk
SaigeArtWork,nicepunk
Bunglebutt,nicepunk
Caterpill,nicepunk
Die_at13,nicepunk
footsawtees,nicepunk
neni_art__,nicepunk
Audygo,nicepunk
Liodoesthings,nicepunk
Artefact3,infantasanber
Caterpill,infantasanber
Caterpill,MyRainbowFlag
Artefact3,Abraz
Audygo,Abraz
Caterpill,Abraz
Artefact3,madhu9051
Caterpill,madhu9051
madhu9051,Jinvros
Artefact3,markyartshop
VintageStudio,markyartshop
beramsey,markyartshop
Audygo,markyartshop
Caterpill,markyartshop
markyartshop,kooky love
markyartshop,ppmid
markyartshop,Die_at13
markyartshop,Artefact3
markyartshop,beramsey
markyartshop,VintageStudio
markyartshop,Audygo
TheFactorie,HenrySharpe
NoahPearson,HenrySharpe
Artefact3,HenrySharpe
Caterpill,HenrySharpe
Artefact3,Hmrai
Caterpill,Hmrai
Hmrai,Die_at13
Hmrai,Artefact3
Artefact3,King9335
Caterpill,King9335
King9335,Jemae
King9335,EGIRIADI
King9335,Die_at13
King9335,Artefact3
Artefact3,kimprut
Dahrkmezalf,kimprut
HOLOM,kimprut
Oneredfox,kimprut
gamerzink357,kimprut
Hunniebee00,kimprut
Sunny2021,kimprut
Caterpill,kimprut
kimprut,kooky love
kimprut,ppmid
kimprut,mani1991
Artefact3,Megan-Alice
Caterpill,Megan-Alice
Artefact3,gamerzink357
beramsey,gamerzink357
Caterpill,gamerzink357
gamerzink357,kooky love
gamerzink357,PammyB
gamerzink357,torrescesar
gamerzink357,gulayfather
gamerzink357,vermilione
gamerzink357,Artefact3
gamerzink357,kimprut
Artefact3,ANGRYMERL
Caterpill,ANGRYMERL
footsawtees,ANGRYMERL
Artefact3,leonykabathara
Caterpill,leonykabathara
Die_at13,leonykabathara
leonykabathara,Die_at13
leonykabathara,Artefact3
leonykabathara,Caterpill
Artefact3,TheSimpleStore
beramsey,TheSimpleStore
DailyCollection,TheSimpleStore
Caterpill,TheSimpleStore
Artefact3,NoahPearson
Caterpill,NoahPearson
NoahPearson,HenrySharpe
Artefact3,Last_Ronin
neni_art__,Last_Ronin
Artefact3,DailyCollection
Caterpill,DailyCollection
DailyCollection,kooky love
DailyCollection,Jemae
DailyCollection,anwarrafiee
DailyCollection,Die_at13
DailyCollection,febrianddwi
DailyCollection,TheSimpleStore
DailyCollection,CrazyCollective
Artefact3,thebluebanana
TheFactorie,thebluebanana
Caterpill,thebluebanana
artecco,thebluebanana
thebluebanana,Artefact3
kooky love,bewarethevipers
kooky love,ninhol
kooky love,Jemae
karakenio,VintageStudio
Artefact3,VintageStudio
Fluorik,VintageStudio
markyartshop,VintageStudio
Caterpill,VintageStudio
VintageStudio,kooky love
VintageStudio,ninhol
VintageStudio,ndough
VintageStudio,karakenio
VintageStudio,ppmid
VintageStudio,Fluorik
VintageStudio,Artefact3
VintageStudio,markyartshop
Artefact3,Rusc
Caterpill,Rusc
Rusc,tobefonseca
Rusc,Moutchy
Artefact3,quirkhy
Sunny2021,quirkhy
Caterpill,quirkhy
Artefact3,DojaDave
Hunniebee00,DojaDave
Caterpill,DojaDave
DojaDave,vermilione
Artefact3,Katasstrophiez
Caterpill,Katasstrophiez
Katasstrophiez,ppmid
Sebastian2246,TyrantFloof
Artefact3,TyrantFloof
TheFactorie,TyrantFloof
Caterpill,TyrantFloof
ppmid,kooky love
ppmid,Jemae
ppmid,tobefonseca
ppmid,dnice25
ppmid,MarsCG
ppmid,DRO72
Artefact3,EggCoop
Caterpill,EggCoop
Haltobreni,dnice25
Haltobreni,vermilione
Artefact3,Sunconic
Caterpill,Sunconic
Sunconic,kooky love
Artefact3,umashankar1986
Caterpill,umashankar1986
Artefact3,Vaniadial
Caterpill,Vaniadial
karakenio,Hunniebee00
Artefact3,Hunniebee00
Caterpill,Hunniebee00
Sunny2021,Hunniebee00
Hunniebee00,kooky love
Hunniebee00,karakenio
Hunniebee00,ppmid
Hunniebee00,artecco
Hunniebee00,Moutchy
Hunniebee00,Die_at13
Hunniebee00,Artefact3
Hunniebee00,mani1991
Hunniebee00,kimprut
Hunniebee00,Crowing_Dawn
Hunniebee00,beramsey
Hunniebee00,DojaDave
Artefact3,WormyOrchids
Caterpill,WormyOrchids
Caterpill,Sheryljain
beramsey,mckirbzx
Artefact3,mckirbzx
Caterpill,mckirbzx
mckirbzx,beramsey
Artefact3,Temonk
Caterpill,Temonk
Temonk,Artefact3
andrealeonelli,Liodoesthings
Artefact3,Liodoesthings
Caterpill,Liodoesthings
Liodoesthings,kooky love
Liodoesthings,tobefonseca
Liodoesthings,ppmid
Liodoesthings,nicepunk
Liodoesthings,JakeEdwardLange
Liodoesthings,Orglod
Liodoesthings,Kentooth
Liodoesthings,Die_at13
Liodoesthings,andrealeonelli
Liodoesthings,foreshadowboxer
Artefact3,zecsans
Caterpill,zecsans
zecsans,ariazidan
zecsans,JGTMstudio
zecsans,Caterpill
Artefact3,primajendi
Caterpill,primajendi
primajendi,Moutchy
primajendi,Artefact3
anwarrafiee,kooky love
anwarrafiee,dnice25
DRO72,bewarethevipers
Artefact3,789Design
Caterpill,789Design
EGIRIADI,789Design
artecco,789Design
789Design,kooky love
789Design,Artefact3
Artefact3,Nieco
Caterpill,Nieco
Nieco,ppmid
Nieco,Alundrart
Artefact3,Mrrocke
Artefact3,Aram-Rex
TheFactorie,Aram-Rex
Caterpill,Aram-Rex
Artefact3,Mahakmitra
Caterpill,Mahakmitra
Artefact3,K7Css
Sunny2021,K7Css
Caterpill,K7Css
K7Css,Sunny2021
K7Css,Caterpill
Caterpill,DeadGalaxyMGP
Artefact3,DeadGalaxyMGP
Artefact3,Uday-kala
Bunglebutt,Uday-kala
Caterpill,Uday-kala
kooky love,Orglod
Liodoesthings,Orglod
Orglod,tobefonseca
Orglod,dnice25
Orglod,ndough
Orglod,ppmid
Orglod,clsantos82
Artefact3,Moddictive
Caterpill,Moddictive
neni_art__,Moddictive
Moddictive,kooky love
Moddictive,Jemae
Moddictive,tobefonseca
Moddictive,Moutchy
Moddictive,Artthree
Moddictive,Sareda_arts
Moddictive,Crowing_Dawn
kooky love,ninhol
justduick,ninhol
bewarethevipers,ninhol
OlgaOsynskaya,ninhol
ninhol,kooky love
ninhol,tobefonseca
Artefact3,JGTMstudio
Audygo,JGTMstudio
Caterpill,JGTMstudio
zecsans,JGTMstudio
Artefact3,Oneredfox
FreelancerMiel,Oneredfox
Audygo,Oneredfox
Caterpill,Oneredfox
Oneredfox,kooky love
Oneredfox,tobefonseca
Oneredfox,ppmid
Oneredfox,kimprut
Caterpill,AngryAsh
anwarrafiee,dnice25
kooky love,dnice25
dnice25,bewarethevipers
dnice25,kooky love
dnice25,Jemae
dnice25,tobefonseca
Caterpill,oblaka-pics
Artefact3,JacobStars
Caterpill,JacobStars
Artefact3,SPREADWINGS
Caterpill,SPREADWINGS
IAKUKi,Fluorik
Artefact3,Fluorik
VintageStudio,Fluorik
Caterpill,Fluorik
Fluorik,ppmid
Fluorik,IAKUKi
Fluorik,Die_at13
Fluorik,Artefact3
Fluorik,VintageStudio
Fluorik,IAKUKi
Artefact3,IAKUKi
Caterpill,IAKUKi
IAKUKi,ninhol
IAKUKi,tobefonseca
IAKUKi,ppmid
IAKUKi,justduick
IAKUKi,Fluorik
IAKUKi,vermilione
Caterpill,artjenesis
Artefact3,artjenesis
TheFactorie,artjenesis
artjenesis,TheCurioTable
artjenesis,ProfessorPie212
Artefact3,Darrenraya
Caterpill,Darrenraya
Artefact3,Prsagar
Caterpill,Prsagar
karakenio,miserlu
createeworld,miserlu
Caterpill,miserlu
Artefact3,RugoseKohn
Caterpill,RugoseKohn
Jemae,bewarethevipers
Jemae,kooky love
Jemae,tobefonseca
Artefact3,CrazyCollective
DailyCollection,CrazyCollective
neni_art__,CrazyCollective
Caterpill,CrazyCollective
Die_at13,CrazyCollective
Caterpill,AdilAdi
Artefact3,doriography
Caterpill,doriography
doriography,bewarethevipers
doriography,kooky love
doriography,tobefonseca
doriography,dnice25
doriography,ndough
Artefact3,Dhrow910
Caterpill,Dhrow910
Moutchy,kooky love
tobefonseca,TheFactorie
TheFactorie,bewarethevipers
TheFactorie,kooky love
TheFactorie,dnice25
TheFactorie,karakenio
TheFactorie,ppmid
TheFactorie,Gil Sansón
TheFactorie,TheCurioTable
TheFactorie,Kentooth
TheFactorie,TyrantFloof
TheFactorie,thebluebanana
TheFactorie,Crowing_Dawn
TheFactorie,ProfessorPie212
TheFactorie,Aram-Rex
TheFactorie,KaitlinKarl
TheFactorie,C_Gerisch
TheFactorie,jmcrowell
TheFactorie,HenrySharpe
TheFactorie,artjenesis
Artefact3,bellaballestas
Crowing_Dawn,bellaballestas
bellaballestas,TheCurioTable
bellaballestas,Crowing_Dawn
bellaballestas,strangebirdart
Artefact3,Silverblue73
Caterpill,Silverblue73
Silverblue73,Artefact3
Silverblue73,Caterpill
Nieco,Alundrart
Artefact3,Alundrart
Caterpill,Alundrart
footsawtees,Alundrart
Alundrart,Jemae
Alundrart,tobefonseca
Alundrart,ppmid
Artefact3,loonylunaART
Caterpill,loonylunaART
loonylunaART,kooky love
loonylunaART,Artefact3
Artefact3,Domedreamer
Caterpill,Domedreamer
bewarethevipers,ninhol
bewarethevipers,dnice25
bewarethevipers,karakenio
bewarethevipers,ppmid
bewarethevipers,DRO72
bewarethevipers,Moutchy
gamerzink357,Artefact3
Jinvros,Artefact3
Fluorik,Artefact3
Silverblue73,Artefact3
maryaa,Artefact3
JonzShop,Artefact3
Dahrkmezalf,Artefact3
mani1991,Artefact3
karakenio,Artefact3
Gresex,Artefact3
VintageStudio,Artefact3
Temonk,Artefact3
loonylunaART,Artefact3
markyartshop,Artefact3
Hunniebee00,Artefact3
primajendi,Artefact3
Blueskull,Artefact3
Hmrai,Artefact3
footsawtees,Artefact3
Artefact3,bewarethevipers
Artefact3,kooky love
Artefact3,ninhol
Artefact3,Jemae
Artefact3,tobefonseca
Artefact3,Rusc
Artefact3,dnice25
Artefact3,anwarrafiee
Artefact3,ndough
Artefact3,karakenio
Artefact3,ppmid
Artefact3,MarsCG
Artefact3,diegosoldano
Artefact3,nicepunk
Artefact3,mckirbzx
Artefact3,TheFactorie
Artefact3,artecco
Artefact3,DRO72
Artefact3,Moutchy
Artefact3,Artthree
Moddictive,Artthree
Caterpill,Artthree
Artthree,kooky love
Artefact3,EGIRIADI
Caterpill,EGIRIADI
King9335,EGIRIADI
EGIRIADI,kooky love
EGIRIADI,anwarrafiee
EGIRIADI,ppmid
EGIRIADI,JakeEdwardLange
EGIRIADI,789Design
Haltobreni,vermilione
IAKUKi,vermilione
Artefact3,vermilione
gamerzink357,vermilione
DojaDave,vermilione
Caterpill,vermilione
vermilione,kooky love
vermilione,Moutchy
vermilione,JakeEdwardLange
vermilione,JonzShop
Artefact3,andrijaljutic
Caterpill,andrijaljutic
karakenio,maryaa
Artefact3,maryaa
Caterpill,maryaa
maryaa,Artefact3
Artefact3,neni_art__
Audygo,neni_art__
Caterpill,neni_art__
footsawtees,neni_art__
neni_art__,kooky love
neni_art__,tobefonseca
neni_art__,nicepunk
neni_art__,MackAttack246
neni_art__,hungcu89nd
neni_art__,Last_Ronin
neni_art__,Moddictive
neni_art__,CrazyCollective
neni_art__,Audygo
MarsCG,tobefonseca
MarsCG,karakenio
MarsCG,ppmid
Artefact3,FreelancerMiel
Caterpill,FreelancerMiel
FreelancerMiel,kooky love
FreelancerMiel,Jemae
FreelancerMiel,tobefonseca
FreelancerMiel,ppmid
FreelancerMiel,JonzShop
FreelancerMiel,febrianddwi
FreelancerMiel,Oneredfox
Artefact3,artecco
Crowing_Dawn,artecco
Caterpill,artecco
Hunniebee00,artecco
mani1991,artecco
artecco,kooky love
artecco,tobefonseca
artecco,anwarrafiee
artecco,ppmid
artecco,Moutchy
artecco,createeworld
artecco,torrescesar
artecco,hungcu89nd
artecco,Die_at13
artecco,JonzShop
artecco,thebluebanana
artecco,mani1991
artecco,Crowing_Dawn
artecco,footsawtees
artecco,789Design
artecco,NillyOh
anwarrafiee,clsantos82
clsantos82,dnice25
clsantos82,DRO72
Artefact3,JonzShop
FreelancerMiel,JonzShop
Dahrkmezalf,JonzShop
kooky love,JonzShop
vermilione,JonzShop
artecco,JonzShop
beramsey,JonzShop
Caterpill,JonzShop
Die_at13,JonzShop
footsawtees,JonzShop
JonzShop,Artefact3
Artefact3,KaitlinKarl
TheFactorie,KaitlinKarl
Artefact3,Lyrachee
Artefact3,Gresex
Caterpill,Gresex
Gresex,Artefact3
Gresex,Caterpill
Silverblue73,Caterpill
HiBAY,Caterpill
Artefact3,Caterpill
Gresex,Caterpill
zecsans,Caterpill
karakenio,Caterpill
leonykabathara,Caterpill
K7Css,Caterpill
Caterpill,bewarethevipers
Caterpill,kooky love
Caterpill,ninhol
Caterpill,Jemae
Caterpill,tobefonseca
Caterpill,Rusc
Caterpill,dnice25
Caterpill,anwarrafiee
Artefact3,spiderkw
Caterpill,spiderkw
Artefact3,hungcu89nd
artecco,hungcu89nd
neni_art__,hungcu89nd
Caterpill,hungcu89nd
Die_at13,hungcu89nd
hungcu89nd,Die_at13
hungcu89nd,Artefact3
Caterpill,G_Ghanss
G_Ghanss,TheCurioTable
kooky love,ndough
ndough,bewarethevipers
ndough,kooky love
ndough,tobefonseca
ndough,dnice25
bournemercury,kooky love
bournemercury,tobefonseca
bournemercury,dnice25
bournemercury,DRO72
Artefact3,Jinvros
madhu9051,Jinvros
Caterpill,Jinvros
Jinvros,Artefact3
Artefact3,Sebastian2246
Sebastian2246,TyrantFloof
Artefact3,CiulloCorp
Caterpill,CiulloCorp
Artefact3,snikkai
Caterpill,snikkai
snikkai,Artefact3
createeworld,kooky love
createeworld,Moutchy
createeworld,clsantos82
createeworld,miserlu
createeworld,Die_at13
Liodoesthings,Kentooth
TheFactorie,Kentooth
Artefact3,Kentooth
Caterpill,Kentooth
Kentooth,kooky love
Kentooth,dnice25
Artefact3,de-creartique
Caterpill,de-creartique
de-creartique,kooky love
Artefact3,hyerdon13
Caterpill,hyerdon13
Artefact3,lspeyer
Caterpill,lspeyer
Gil Sansón,karakenio
karakenio,bewarethevipers
karakenio,kooky love
karakenio,ninhol
karakenio,Jemae
karakenio,tobefonseca
karakenio,dnice25
karakenio,anwarrafiee
karakenio,ppmid
karakenio,MarsCG
andrealeonelli,torrescesar
FreelancerMiel,febrianddwi
Artefact3,febrianddwi
DailyCollection,febrianddwi
Caterpill,febrianddwi
Artefact3,Rodolfolopezart
Caterpill,Rodolfolopezart
Artefact3,YourWayShirts
Caterpill,YourWayShirts
Die_at13,YourWayShirts
YourWayShirts,Artefact3
Artefact3,megaduel
Caterpill,megaduel
megaduel,kooky love
megaduel,tobefonseca
megaduel,dnice25
Artefact3,Crowing_Dawn
artecco,Crowing_Dawn
alfonsoochoa,Crowing_Dawn
kooky love,Crowing_Dawn
bellaballestas,Crowing_Dawn
TheFactorie,Crowing_Dawn
strangebirdart,Crowing_Dawn
karakenio,Crowing_Dawn
Caterpill,Crowing_Dawn
Hunniebee00,Crowing_Dawn
Audygo,Crowing_Dawn
paldipaldi,Crowing_Dawn
Moddictive,Crowing_Dawn
Crowing_Dawn,kooky love
Crowing_Dawn,Jemae
Crowing_Dawn,karakenio
Crowing_Dawn,ppmid
Crowing_Dawn,TheFactorie
Crowing_Dawn,artecco
Crowing_Dawn,Moutchy
Crowing_Dawn,Die_at13
Crowing_Dawn,Artefact3
Crowing_Dawn,bellaballestas
Crowing_Dawn,strangebirdart
Artefact3,KaterynaAndArt
Sunny2021,KaterynaAndArt
Caterpill,KaterynaAndArt
dnice25,justduick
justduick,bewarethevipers
justduick,kooky love
justduick,ninhol
justduick,Jemae
justduick,tobefonseca
justduick,dnice25
justduick,ppmid
justduick,DRO72
justduick,clsantos82
Artefact3,HOLOM
Dahrkmezalf,HOLOM
Caterpill,HOLOM
HOLOM,ppmid
HOLOM,torrescesar
HOLOM,VirtualSG
HOLOM,kimprut
tobefonseca,kooky love
tobefonseca,dnice25
tobefonseca,TheFactorie
Artefact3,diegosoldano
Caterpill,diegosoldano
diegosoldano,ninhol
diegosoldano,Jemae
diegosoldano,tobefonseca
diegosoldano,DRO72
Liodoesthings,foreshadowboxer
Artefact3,foreshadowboxer
SaigeArtWork,foreshadowboxer
foreshadowboxer,tobefonseca
foreshadowboxer,dnice25
foreshadowboxer,JakeEdwardLange
foreshadowboxer,WeirdPeople
Artefact3,paldipaldi
karakenio,paldipaldi
Caterpill,paldipaldi
paldipaldi,TheCurioTable
paldipaldi,Crowing_Dawn
Artefact3,AnirbanSarkar
Caterpill,AnirbanSarkar
TheFactorie,jmcrowell
Artefact3,jmcrowell
Caterpill,jmcrowell
Caterpill,Dinogal37
TheFactorie,C_Gerisch
Artefact3,C_Gerisch
Caterpill,C_Gerisch
Artefact3,redezra
Caterpill,redezra
Caterpill,Ceasar209
Artefact3,Bunglebutt
Caterpill,Bunglebutt
Audygo,Bunglebutt
Bunglebutt,kooky love
Bunglebutt,Jemae
Bunglebutt,ppmid
Bunglebutt,nicepunk
Bunglebutt,mani1991
Bunglebutt,Uday-kala
Artefact3,mani1991
kimprut,mani1991
beramsey,mani1991
Hunniebee00,mani1991
Bunglebutt,mani1991
Caterpill,mani1991
artecco,mani1991
mani1991,artecco
mani1991,Artefact3
mani1991,beramsey
mani1991,Sunny2021
Artefact3,ArtnDesignbyJP
Caterpill,ArtnDesignbyJP
ArtnDesignbyJP,kooky love
Artefact3,Sunny2021
K7Css,Sunny2021
mani1991,Sunny2021
Caterpill,Sunny2021
Sunny2021,K7Css
Sunny2021,Artefact3
Sunny2021,quirkhy
Sunny2021,kimprut
Sunny2021,Hunniebee00
Sunny2021,KaterynaAndArt
Artefact3,HiBAY
Caterpill,HiBAY
HiBAY,Artefact3
HiBAY,Caterpill
markyartshop,Audygo
Artefact3,Audygo
Caterpill,Audygo
Die_at13,Audygo
neni_art__,Audygo
Audygo,kooky love
Audygo,Jemae
Audygo,tobefonseca
Audygo,anwarrafiee
Audygo,nicepunk
Audygo,Moutchy
Audygo,Abraz
Audygo,Oneredfox
Audygo,Artefact3
Audygo,Crowing_Dawn
Audygo,markyartshop
Audygo,ariazidan
Audygo,Bunglebutt
Audygo,neni_art__
Audygo,JGTMstudio
Artefact3,Niranjan12
Caterpill,Niranjan12
Artefact3,SaigeArtWork
Caterpill,SaigeArtWork
SaigeArtWork,Jemae
SaigeArtWork,nicepunk
SaigeArtWork,clsantos82
SaigeArtWork,foreshadowboxer
Artefact3,MackAttack246
neni_art__,MackAttack246
Caterpill,MackAttack246
MackAttack246,Moutchy
Artefact3,TombJumper
Caterpill,TombJumper
Die_at13,TombJumper
Artefact3,vnteees
Caterpill,vnteees
Artefact3,M3medici
Caterpill,M3medici
M3medici,Jemae
createeworld,Die_at13
andrealeonelli,Die_at13
Liodoesthings,Die_at13
Artefact3,Die_at13
Die_at13,kooky love
Die_at13,Jemae
Die_at13,anwarrafiee
Die_at13,karakenio
Die_at13,ppmid
Die_at13,nicepunk
Die_at13,Moutchy
Die_at13,leonykabathara
Die_at13,hungcu89nd
Die_at13,TombJumper
Die_at13,JonzShop
Die_at13,CrazyCollective
Die_at13,YourWayShirts
Die_at13,Audygo
doriography,WeirdPeople
WeirdPeople,bewarethevipers
WeirdPeople,kooky love
WeirdPeople,Jemae
WeirdPeople,tobefonseca
WeirdPeople,dnice25
WeirdPeople,anwarrafiee
WeirdPeople,ndough
WeirdPeople,ppmid
justduick,PammyB
PammyB,kooky love
PammyB,Moutchy
PammyB,Surrealmist
PammyB,JakeEdwardLange
PammyB,Die_at13
Artefact3,dskyvbc
Caterpill,dskyvbc
dskyvbc,justduick
Caterpill,ariazidan
Artefact3,ariazidan
zecsans,ariazidan
Audygo,ariazidan
beramsey,ariazidan
karakenio,OlgaOsynskaya
Artefact3,OlgaOsynskaya
Caterpill,OlgaOsynskaya
OlgaOsynskaya,kooky love
OlgaOsynskaya,ninhol
OlgaOsynskaya,Jemae
OlgaOsynskaya,tobefonseca
OlgaOsynskaya,dnice25
OlgaOsynskaya,karakenio
OlgaOsynskaya,MarsCG
OlgaOsynskaya,DRO72
OlgaOsynskaya,JakeEdwardLange
Artefact3,Dahrkmezalf
Caterpill,Dahrkmezalf
Dahrkmezalf,kooky love
Dahrkmezalf,ppmid
Dahrkmezalf,HOLOM
Dahrkmezalf,JonzShop
Dahrkmezalf,Artefact3
Dahrkmezalf,kimprut
Artefact3,NillyOh
Caterpill,NillyOh
artecco,NillyOh
